"Survey","Season","Year","Tow_Number","Region","Stratum","Grid","Date","Common_Name","Number_Caught","Weight_kg","Subsample_Weight_kg","Subsample_Weight_kg_2","Male_Wt_kg","Female_Wt_kg","Expanded_Catch","Expanded_Weight_kg","TowID"
"FL23","Fall",2023,18,"2","4","736",2023-10-02,"Crab Jonah",1,0.03,NA,NA,NA,NA,1,0.03,"FL23018"
"FL23","Fall",2023,18,"2","4","736",2023-10-02,"Dogfish Spiny",19,28.59,NA,NA,27.84,0.75,19,28.59,"FL23018"
"FL23","Fall",2023,18,"2","4","736",2023-10-02,"Flounder Atlantic Witch (Gray Sole)",61,13.67,NA,NA,NA,NA,61,13.67,"FL23018"
"FL23","Fall",2023,18,"2","4","736",2023-10-02,"Fourbeard Rockling",6,0.31,NA,NA,NA,NA,6,0.31,"FL23018"
"FL23","Fall",2023,18,"2","4","736",2023-10-02,"Hake Atlantic Red",250,44.91,18.85,NA,NA,NA,250,44.91,"FL23018"
"FL23","Fall",2023,18,"2","4","736",2023-10-02,"Hake Silver (Whiting)",2,0.002,NA,NA,NA,NA,300,31.612,"FL23018"
"FL23","Fall",2023,18,"2","4","736",2023-10-02,"Hake Silver (Whiting)",298,31.61,11.65,NA,NA,NA,NA,NA,"FL23018"
"FL23","Fall",2023,18,"2","4","736",2023-10-02,"Hake White",17,53.4,NA,NA,NA,NA,17,53.4,"FL23018"
"FL23","Fall",2023,18,"2","4","736",2023-10-02,"Monkfish",4,6.2,NA,NA,NA,NA,4,6.2,"FL23018"
"FL23","Fall",2023,18,"2","4","736",2023-10-02,"Plaice American (Dab)",58,28.54,NA,NA,NA,NA,58,28.54,"FL23018"
"FL23","Fall",2023,18,"2","4","736",2023-10-02,"Redfish Acadian Ocean Perch",13,1.57,NA,NA,NA,NA,13,1.57,"FL23018"
"FL23","Fall",2023,18,"2","4","736",2023-10-02,"Scallop Sea",342,4.87,1.54,NA,NA,NA,342,4.87,"FL23018"
"FL23","Fall",2023,18,"2","4","736",2023-10-02,"Shrimp Dichelo",108,0.2785,NA,NA,NA,NA,108,0.2785,"FL23018"
"FL23","Fall",2023,18,"2","4","736",2023-10-02,"Shrimp Northern",4,0.048,NA,NA,NA,NA,4,0.048,"FL23018"
"FL23","Fall",2023,18,"2","4","736",2023-10-02,"Shrimp Norwegian",12,0.0145,NA,NA,NA,NA,12,0.0145,"FL23018"
"FL23","Fall",2023,18,"2","4","736",2023-10-02,"Squid Short-Finned",3,0.56,NA,NA,NA,NA,3,0.56,"FL23018"
"FL23","Fall",2023,18,"2","4","736",2023-10-02,"Star Brittle",NA,0.01,NA,NA,NA,NA,NA,0.01,"FL23018"
"FL23","Fall",2023,19,"2","4","733",2023-10-02,"Crab Jonah",1,0.004,NA,NA,NA,NA,1,0.004,"FL23019"
"FL23","Fall",2023,19,"2","4","733",2023-10-02,"Dogfish Spiny",25,39.73,NA,NA,38.53,1.2,25,39.73,"FL23019"
"FL23","Fall",2023,19,"2","4","733",2023-10-02,"Flounder Atlantic Witch (Gray Sole)",53,12.65,NA,NA,NA,NA,53,12.65,"FL23019"
"FL23","Fall",2023,19,"2","4","733",2023-10-02,"Flounder Yellowtail",1,0.16,NA,NA,NA,NA,1,0.16,"FL23019"
"FL23","Fall",2023,19,"2","4","733",2023-10-02,"Fourbeard Rockling",5,0.25,NA,NA,NA,NA,5,0.25,"FL23019"
"FL23","Fall",2023,19,"2","4","733",2023-10-02,"Hake Atlantic Red",177,32.05,19.01,NA,NA,NA,177,32.05,"FL23019"
"FL23","Fall",2023,19,"2","4","733",2023-10-02,"Hake Silver (Whiting)",2,0.004,NA,NA,NA,NA,167,16.714,"FL23019"
"FL23","Fall",2023,19,"2","4","733",2023-10-02,"Hake Silver (Whiting)",165,16.71,11.44,NA,NA,NA,NA,NA,"FL23019"
"FL23","Fall",2023,19,"2","4","733",2023-10-02,"Hake White",14,49.19,NA,NA,NA,NA,14,49.19,"FL23019"
"FL23","Fall",2023,19,"2","4","733",2023-10-02,"Krill",1,0.001,NA,NA,NA,NA,1,0.001,"FL23019"
"FL23","Fall",2023,19,"2","4","733",2023-10-02,"Monkfish",8,3.68,NA,NA,NA,NA,8,3.68,"FL23019"
"FL23","Fall",2023,19,"2","4","733",2023-10-02,"Plaice American (Dab)",77,35.06,NA,NA,NA,NA,77,35.06,"FL23019"
"FL23","Fall",2023,19,"2","4","733",2023-10-02,"Redfish Acadian Ocean Perch",11,3.67,NA,NA,NA,NA,11,3.67,"FL23019"
"FL23","Fall",2023,19,"2","4","733",2023-10-02,"Scallop Sea",212,3.01,1.49,NA,NA,NA,212,3.01,"FL23019"
"FL23","Fall",2023,19,"2","4","733",2023-10-02,"Sea Pen",2,0.008,NA,NA,NA,NA,2,0.008,"FL23019"
"FL23","Fall",2023,19,"2","4","733",2023-10-02,"Shrimp Dichelo",65,0.2185,NA,NA,NA,NA,65,0.2185,"FL23019"
"FL23","Fall",2023,19,"2","4","733",2023-10-02,"Shrimp Northern",9,0.1075,NA,NA,NA,NA,9,0.1075,"FL23019"
"FL23","Fall",2023,19,"2","4","733",2023-10-02,"Shrimp Norwegian",24,0.033,NA,NA,NA,NA,24,0.033,"FL23019"
"FL23","Fall",2023,19,"2","4","733",2023-10-02,"Skate Barndoor",1,1.14,NA,NA,NA,NA,1,1.14,"FL23019"
"FL23","Fall",2023,19,"2","4","733",2023-10-02,"Skate Thorny",2,8.38,NA,NA,NA,NA,2,8.38,"FL23019"
"FL23","Fall",2023,19,"2","4","733",2023-10-02,"Squid Short-Finned",2,0.43,NA,NA,NA,NA,2,0.43,"FL23019"
"FL23","Fall",2023,20,"2","4","707",2023-10-02,"Dogfish Spiny",8,11.42,NA,NA,1.66,9.76,8,11.42,"FL23020"
"FL23","Fall",2023,20,"2","4","707",2023-10-02,"Flounder Atlantic Witch (Gray Sole)",71,12.34,NA,NA,NA,NA,71,12.34,"FL23020"
"FL23","Fall",2023,20,"2","4","707",2023-10-02,"Fourbeard Rockling",8,0.48,NA,NA,NA,NA,8,0.48,"FL23020"
"FL23","Fall",2023,20,"2","4","707",2023-10-02,"Haddock",2,0.9,NA,NA,NA,NA,2,0.9,"FL23020"
"FL23","Fall",2023,20,"2","4","707",2023-10-02,"Hake Atlantic Red",184,42.78,25.16,NA,NA,NA,184,42.78,"FL23020"
"FL23","Fall",2023,20,"2","4","707",2023-10-02,"Hake Silver (Whiting)",403,55.9,16.1,NA,NA,NA,405,55.906,"FL23020"
"FL23","Fall",2023,20,"2","4","707",2023-10-02,"Hake Silver (Whiting)",2,0.006,NA,NA,NA,NA,NA,NA,"FL23020"
"FL23","Fall",2023,20,"2","4","707",2023-10-02,"Hake White",25,25.4,NA,NA,NA,NA,25,25.4,"FL23020"
"FL23","Fall",2023,20,"2","4","707",2023-10-02,"Monkfish",5,9.26,NA,NA,NA,NA,5,9.26,"FL23020"
"FL23","Fall",2023,20,"2","4","707",2023-10-02,"Plaice American (Dab)",43,14.16,NA,NA,NA,NA,43,14.16,"FL23020"
"FL23","Fall",2023,20,"2","4","707",2023-10-02,"Redfish Acadian Ocean Perch",3,1.54,NA,NA,NA,NA,3,1.54,"FL23020"
"FL23","Fall",2023,20,"2","4","707",2023-10-02,"Scallop Sea",49,1.2,NA,NA,NA,NA,49,1.2,"FL23020"
"FL23","Fall",2023,20,"2","4","707",2023-10-02,"Shrimp Dichelo",110,0.299,NA,NA,NA,NA,110,0.299,"FL23020"
"FL23","Fall",2023,20,"2","4","707",2023-10-02,"Shrimp Northern",6,0.0765,NA,NA,NA,NA,6,0.0765,"FL23020"
"FL23","Fall",2023,20,"2","4","707",2023-10-02,"Shrimp Norwegian",1,0.002,NA,NA,NA,NA,1,0.002,"FL23020"
"FL23","Fall",2023,20,"2","4","707",2023-10-02,"Skate Barndoor",1,7.95,NA,NA,NA,NA,1,7.95,"FL23020"
"FL23","Fall",2023,20,"2","4","707",2023-10-02,"Skate Thorny",1,6.02,NA,NA,NA,NA,1,6.02,"FL23020"
"FL23","Fall",2023,20,"2","4","707",2023-10-02,"Squid Short-Finned",2,0.28,NA,NA,NA,NA,2,0.28,"FL23020"
"FL23","Fall",2023,20,"2","4","707",2023-10-02,"Wrymouth",1,1,NA,NA,NA,NA,1,1,"FL23020"
"FL23","Fall",2023,72,"5","3","562",2023-10-25,"Butterfish",1,0.09,NA,NA,NA,NA,1,0.09,"FL23072"
"FL23","Fall",2023,72,"5","3","562",2023-10-25,"Clam Ocean Quahog",1,0.02,NA,NA,NA,NA,1,0.02,"FL23072"
"FL23","Fall",2023,72,"5","3","562",2023-10-25,"Crab Jonah",2,0.53,NA,NA,NA,NA,2,0.53,"FL23072"
"FL23","Fall",2023,72,"5","3","562",2023-10-25,"Flounder Atlantic Witch (Gray Sole)",5,0.07,NA,NA,NA,NA,5,0.07,"FL23072"
"FL23","Fall",2023,72,"5","3","562",2023-10-25,"Flounder Winter",68,8.89,NA,NA,NA,NA,68,8.89,"FL23072"
"FL23","Fall",2023,72,"5","3","562",2023-10-25,"Flounder Yellowtail",1,0.21,NA,NA,NA,NA,1,0.21,"FL23072"
"FL23","Fall",2023,72,"5","3","562",2023-10-25,"Fourbeard Rockling",4,0.24,NA,NA,NA,NA,4,0.24,"FL23072"
"FL23","Fall",2023,72,"5","3","562",2023-10-25,"Hake Atlantic Red",120,11.94,NA,NA,NA,NA,120,11.94,"FL23072"
"FL23","Fall",2023,72,"5","3","562",2023-10-25,"Hake Silver (Whiting)",7,0.036,NA,NA,NA,NA,228,19.136,"FL23072"
"FL23","Fall",2023,72,"5","3","562",2023-10-25,"Hake Silver (Whiting)",221,19.1,9.58,NA,NA,NA,NA,NA,"FL23072"
"FL23","Fall",2023,72,"5","3","562",2023-10-25,"Hake White",12,1.43,NA,NA,NA,NA,12,1.43,"FL23072"
"FL23","Fall",2023,72,"5","3","562",2023-10-25,"Halibut Atlantic",1,7.91,NA,NA,NA,NA,1,7.91,"FL23072"
"FL23","Fall",2023,72,"5","3","562",2023-10-25,"Herring Atlantic",3,0.11,NA,NA,NA,NA,3,0.11,"FL23072"
"FL23","Fall",2023,72,"5","3","562",2023-10-25,"Krill",1,0.001,NA,NA,NA,NA,1,0.001,"FL23072"
"FL23","Fall",2023,72,"5","3","562",2023-10-25,"Lobster American",41,19.1,NA,NA,7.5,11.6,41,19.1,"FL23072"
"FL23","Fall",2023,72,"5","3","562",2023-10-25,"Octopus Spoonarm",1,0.01,NA,NA,NA,NA,1,0.01,"FL23072"
"FL23","Fall",2023,72,"5","3","562",2023-10-25,"Plaice American (Dab)",1,0.18,NA,NA,NA,NA,1,0.18,"FL23072"
"FL23","Fall",2023,72,"5","3","562",2023-10-25,"Redfish Acadian Ocean Perch",1,0.004,NA,NA,NA,NA,1,0.004,"FL23072"
"FL23","Fall",2023,72,"5","3","562",2023-10-25,"Shrimp Dichelo",31,0.1,NA,NA,NA,NA,31,0.1,"FL23072"
"FL23","Fall",2023,72,"5","3","562",2023-10-25,"Shrimp Montagui",4,0.004,NA,NA,NA,NA,4,0.004,"FL23072"
"FL23","Fall",2023,75,"5","3","244",2023-10-26,"Alewife",7,0.62,NA,NA,NA,NA,7,0.62,"FL23075"
"FL23","Fall",2023,75,"5","3","244",2023-10-26,"Butterfish",201,13.49,6.7,NA,NA,NA,201,13.49,"FL23075"
"FL23","Fall",2023,75,"5","3","244",2023-10-26,"Crab Atlantic Rock",4,0.15,NA,NA,NA,NA,4,0.15,"FL23075"
"FL23","Fall",2023,75,"5","3","244",2023-10-26,"Crab Jonah",6,1.09,NA,NA,NA,NA,6,1.09,"FL23075"
"FL23","Fall",2023,75,"5","3","244",2023-10-26,"Dogfish Spiny",2,3.63,NA,NA,3.63,NA,2,3.63,"FL23075"
"FL23","Fall",2023,75,"5","3","244",2023-10-26,"Flounder Winter",24,2.56,NA,NA,NA,NA,24,2.56,"FL23075"
"FL23","Fall",2023,75,"5","3","244",2023-10-26,"Fourbeard Rockling",5,0.23,NA,NA,NA,NA,5,0.23,"FL23075"
"FL23","Fall",2023,75,"5","3","244",2023-10-26,"Hake Atlantic Red",100,8.66,NA,NA,NA,NA,100,8.66,"FL23075"
"FL23","Fall",2023,75,"5","3","244",2023-10-26,"Hake Silver (Whiting)",1671,131.5,8.89,NA,NA,NA,1674,131.532,"FL23075"
"FL23","Fall",2023,75,"5","3","244",2023-10-26,"Hake Silver (Whiting)",3,0.032,NA,NA,NA,NA,NA,NA,"FL23075"
"FL23","Fall",2023,75,"5","3","244",2023-10-26,"Hake White",31,0.84,NA,NA,NA,NA,31,0.84,"FL23075"
"FL23","Fall",2023,75,"5","3","244",2023-10-26,"Herring Atlantic",3,0.25,NA,NA,NA,NA,3,0.25,"FL23075"
"FL23","Fall",2023,75,"5","3","244",2023-10-26,"Lobster American",336,58.27,NA,NA,29.33,28.94,336,58.27,"FL23075"
"FL23","Fall",2023,75,"5","3","244",2023-10-26,"Octopus Spoonarm",1,0.004,NA,NA,NA,NA,1,0.004,"FL23075"
"FL23","Fall",2023,75,"5","3","244",2023-10-26,"Redfish Acadian Ocean Perch",2,0.06,NA,NA,NA,NA,2,0.06,"FL23075"
"FL23","Fall",2023,75,"5","3","244",2023-10-26,"Sculpin Longhorn",29,4.6,NA,NA,NA,NA,29,4.6,"FL23075"
"FL23","Fall",2023,75,"5","3","244",2023-10-26,"Sea Raven",1,0.17,NA,NA,NA,NA,1,0.17,"FL23075"
"FL23","Fall",2023,75,"5","3","244",2023-10-26,"Shrimp Crangon",2,0.004,NA,NA,NA,NA,2,0.004,"FL23075"
"FL23","Fall",2023,75,"5","3","244",2023-10-26,"Shrimp Dichelo",31,0.09,NA,NA,NA,NA,31,0.09,"FL23075"
"FL23","Fall",2023,75,"5","3","244",2023-10-26,"Skate Little",4,3.04,NA,NA,NA,NA,4,3.04,"FL23075"
"FL23","Fall",2023,75,"5","3","244",2023-10-26,"Squid Long Finned",1,0.07,NA,NA,NA,NA,1,0.07,"FL23075"
"SP23","Spring",2023,18,"2","4","707",2023-05-08,"Alewife",37,4.87,NA,NA,NA,NA,37,4.87,"SP23018"
"SP23","Spring",2023,18,"2","4","707",2023-05-08,"Cod Atlantic",2,0.12,NA,NA,NA,NA,2,0.12,"SP23018"
"SP23","Spring",2023,18,"2","4","707",2023-05-08,"Crab Jonah",6,1.15,NA,NA,NA,NA,6,1.15,"SP23018"
"SP23","Spring",2023,18,"2","4","707",2023-05-08,"Flounder Atlantic Witch (Gray Sole)",13,1.31,NA,NA,NA,NA,13,1.31,"SP23018"
"SP23","Spring",2023,18,"2","4","707",2023-05-08,"Flounder Winter",4,0.82,NA,NA,NA,NA,4,0.82,"SP23018"
"SP23","Spring",2023,18,"2","4","707",2023-05-08,"Flounder Yellowtail",2,0.47,NA,NA,NA,NA,2,0.47,"SP23018"
"SP23","Spring",2023,18,"2","4","707",2023-05-08,"Haddock",15,6.3,NA,NA,NA,NA,15,6.3,"SP23018"
"SP23","Spring",2023,18,"2","4","707",2023-05-08,"Hake Atlantic Red",79,10.89,NA,NA,NA,NA,79,10.89,"SP23018"
"SP23","Spring",2023,18,"2","4","707",2023-05-08,"Hake Silver (Whiting)",925,86.46,9.63,NA,NA,NA,925,86.46,"SP23018"
"SP23","Spring",2023,18,"2","4","707",2023-05-08,"Hake White",8,1.58,NA,NA,NA,NA,8,1.58,"SP23018"
"SP23","Spring",2023,18,"2","4","707",2023-05-08,"Herring Blueback",3,0.164,NA,NA,NA,NA,3,0.164,"SP23018"
"SP23","Spring",2023,18,"2","4","707",2023-05-08,"Lobster American",3,1.34,NA,NA,0.62,0.72,3,1.34,"SP23018"
"SP23","Spring",2023,18,"2","4","707",2023-05-08,"Monkfish",1,0.534,NA,NA,NA,NA,1,0.534,"SP23018"
"SP23","Spring",2023,18,"2","4","707",2023-05-08,"Plaice American (Dab)",24,7.68,NA,NA,NA,NA,24,7.68,"SP23018"
"SP23","Spring",2023,18,"2","4","707",2023-05-08,"Redfish Acadian Ocean Perch",56,3.9,NA,NA,NA,NA,56,3.9,"SP23018"
"SP23","Spring",2023,18,"2","4","707",2023-05-08,"Scallop Sea",33,0.72,NA,NA,NA,NA,33,0.72,"SP23018"
"SP23","Spring",2023,18,"2","4","707",2023-05-08,"Sculpin Longhorn",1,0.27,NA,NA,NA,NA,1,0.27,"SP23018"
"SP23","Spring",2023,18,"2","4","707",2023-05-08,"Sea Sponges",NA,0.21,NA,NA,NA,NA,NA,0.21,"SP23018"
"SP23","Spring",2023,18,"2","4","707",2023-05-08,"Shad American",2,0.116,NA,NA,NA,NA,2,0.116,"SP23018"
"SP23","Spring",2023,18,"2","4","707",2023-05-08,"Shrimp Dichelo",145,0.4525,NA,NA,NA,NA,145,0.4525,"SP23018"
"SP23","Spring",2023,18,"2","4","707",2023-05-08,"Shrimp Northern",40,0.486,NA,NA,NA,NA,40,0.486,"SP23018"
"SP23","Spring",2023,19,"2","4","736",2023-05-08,"Alewife",3,0.62,NA,NA,NA,NA,3,0.62,"SP23019"
"SP23","Spring",2023,19,"2","4","736",2023-05-08,"Crab Jonah",3,0.142,NA,NA,NA,NA,3,0.142,"SP23019"
"SP23","Spring",2023,19,"2","4","736",2023-05-08,"Flounder Atlantic Witch (Gray Sole)",17,2.07,NA,NA,NA,NA,17,2.07,"SP23019"
"SP23","Spring",2023,19,"2","4","736",2023-05-08,"Flounder Fourspot",1,0.062,NA,NA,NA,NA,1,0.062,"SP23019"
"SP23","Spring",2023,19,"2","4","736",2023-05-08,"Fourbeard Rockling",1,0.05,NA,NA,NA,NA,1,0.05,"SP23019"
"SP23","Spring",2023,19,"2","4","736",2023-05-08,"Haddock",4,1.01,NA,NA,NA,NA,4,1.01,"SP23019"
"SP23","Spring",2023,19,"2","4","736",2023-05-08,"Hake Atlantic Red",117,22.412,NA,NA,NA,NA,117,22.412,"SP23019"
"SP23","Spring",2023,19,"2","4","736",2023-05-08,"Hake Silver (Whiting)",1501,100.06,7.4,NA,NA,NA,1501,100.06,"SP23019"
"SP23","Spring",2023,19,"2","4","736",2023-05-08,"Hake White",13,2.838,NA,NA,NA,NA,13,2.838,"SP23019"
"SP23","Spring",2023,19,"2","4","736",2023-05-08,"Herring Blueback",3,0.142,NA,NA,NA,NA,3,0.142,"SP23019"
"SP23","Spring",2023,19,"2","4","736",2023-05-08,"Lobster American",2,1.07,NA,NA,NA,1.07,2,1.07,"SP23019"
"SP23","Spring",2023,19,"2","4","736",2023-05-08,"Monkfish",4,1.37,NA,NA,NA,NA,4,1.37,"SP23019"
"SP23","Spring",2023,19,"2","4","736",2023-05-08,"Plaice American (Dab)",25,10.68,NA,NA,NA,NA,25,10.68,"SP23019"
"SP23","Spring",2023,19,"2","4","736",2023-05-08,"Pollock",1,0.254,NA,NA,NA,NA,1,0.254,"SP23019"
"SP23","Spring",2023,19,"2","4","736",2023-05-08,"Redfish Acadian Ocean Perch",162,10.01,6.32,NA,NA,NA,162,10.01,"SP23019"
"SP23","Spring",2023,19,"2","4","736",2023-05-08,"Scallop Sea",222,2.77,1.32,NA,NA,NA,222,2.77,"SP23019"
"SP23","Spring",2023,19,"2","4","736",2023-05-08,"Sea Anemone",1,0.022,NA,NA,NA,NA,1,0.022,"SP23019"
"SP23","Spring",2023,19,"2","4","736",2023-05-08,"Sea Sponges",NA,0.06,NA,NA,NA,NA,NA,0.06,"SP23019"
"SP23","Spring",2023,19,"2","4","736",2023-05-08,"Shad American",2,0.168,NA,NA,NA,NA,2,0.168,"SP23019"
"SP23","Spring",2023,19,"2","4","736",2023-05-08,"Shrimp Dichelo",51,0.17,NA,NA,NA,NA,51,0.17,"SP23019"
"SP23","Spring",2023,19,"2","4","736",2023-05-08,"Shrimp Northern",16,0.16,NA,NA,NA,NA,16,0.16,"SP23019"
"SP23","Spring",2023,20,"2","4","733",2023-05-08,"Alewife",1,0.054,NA,NA,NA,NA,1,0.054,"SP23020"
"SP23","Spring",2023,20,"2","4","733",2023-05-08,"Cod Atlantic",2,5.44,NA,NA,NA,NA,2,5.44,"SP23020"
"SP23","Spring",2023,20,"2","4","733",2023-05-08,"Crab Jonah",10,1.57,NA,NA,NA,NA,10,1.57,"SP23020"
"SP23","Spring",2023,20,"2","4","733",2023-05-08,"Dogfish Spiny",1,1.77,NA,NA,NA,1.77,1,1.77,"SP23020"
"SP23","Spring",2023,20,"2","4","733",2023-05-08,"Flounder Atlantic Witch (Gray Sole)",47,5.26,NA,NA,NA,NA,47,5.26,"SP23020"
"SP23","Spring",2023,20,"2","4","733",2023-05-08,"Flounder Fourspot",1,0.02,NA,NA,NA,NA,1,0.02,"SP23020"
"SP23","Spring",2023,20,"2","4","733",2023-05-08,"Flounder Yellowtail",3,0.55,NA,NA,NA,NA,3,0.55,"SP23020"
"SP23","Spring",2023,20,"2","4","733",2023-05-08,"Fourbeard Rockling",3,0.198,NA,NA,NA,NA,3,0.198,"SP23020"
"SP23","Spring",2023,20,"2","4","733",2023-05-08,"Haddock",56,38.73,NA,NA,NA,NA,56,38.73,"SP23020"
"SP23","Spring",2023,20,"2","4","733",2023-05-08,"Hake Atlantic Red",167,28.02,21.11,NA,NA,NA,167,28.02,"SP23020"
"SP23","Spring",2023,20,"2","4","733",2023-05-08,"Hake Silver (Whiting)",3020,186.69,7.79,NA,NA,NA,3020,186.69,"SP23020"
"SP23","Spring",2023,20,"2","4","733",2023-05-08,"Hake White",25,5.21,NA,NA,NA,NA,25,5.21,"SP23020"
"SP23","Spring",2023,20,"2","4","733",2023-05-08,"Lobster American",1,0.66,NA,NA,NA,0.66,1,0.66,"SP23020"
"SP23","Spring",2023,20,"2","4","733",2023-05-08,"Monkfish",3,0.76,NA,NA,NA,NA,3,0.76,"SP23020"
"SP23","Spring",2023,20,"2","4","733",2023-05-08,"Plaice American (Dab)",24,7.98,NA,NA,NA,NA,24,7.98,"SP23020"
"SP23","Spring",2023,20,"2","4","733",2023-05-08,"Pollock",1,0.25,NA,NA,NA,NA,1,0.25,"SP23020"
"SP23","Spring",2023,20,"2","4","733",2023-05-08,"Redfish Acadian Ocean Perch",9,0.63,NA,NA,NA,NA,9,0.63,"SP23020"
"SP23","Spring",2023,20,"2","4","733",2023-05-08,"Scallop Sea",155,1.76,1.28,NA,NA,NA,155,1.76,"SP23020"
"SP23","Spring",2023,20,"2","4","733",2023-05-08,"Sea Anemone",NA,0.048,NA,NA,NA,NA,NA,0.048,"SP23020"
"SP23","Spring",2023,20,"2","4","733",2023-05-08,"Seaweed Unc",NA,0.032,NA,NA,NA,NA,NA,0.032,"SP23020"
"SP23","Spring",2023,20,"2","4","733",2023-05-08,"Shrimp Dichelo",102,0.35,NA,NA,NA,NA,102,0.35,"SP23020"
"SP23","Spring",2023,20,"2","4","733",2023-05-08,"Shrimp Northern",8,0.09,NA,NA,NA,NA,8,0.09,"SP23020"
"SP23","Spring",2023,20,"2","4","733",2023-05-08,"Skate Thorny",2,8.11,NA,NA,NA,NA,2,8.11,"SP23020"
"SP23","Spring",2023,88,"5","4","681",2023-05-30,"Alewife",42,4.22,NA,NA,NA,NA,42,4.22,"SP23088"
"SP23","Spring",2023,88,"5","4","681",2023-05-30,"Butterfish",1,0.06,NA,NA,NA,NA,1,0.06,"SP23088"
"SP23","Spring",2023,88,"5","4","681",2023-05-30,"Crab Jonah",3,0.6,NA,NA,NA,NA,3,0.6,"SP23088"
"SP23","Spring",2023,88,"5","4","681",2023-05-30,"Flounder Atlantic Witch (Gray Sole)",2,0.01,NA,NA,NA,NA,2,0.01,"SP23088"
"SP23","Spring",2023,88,"5","4","681",2023-05-30,"Flounder Fourspot",1,0.07,NA,NA,NA,NA,1,0.07,"SP23088"
"SP23","Spring",2023,88,"5","4","681",2023-05-30,"Flounder Winter",47,9.64,NA,NA,NA,NA,47,9.64,"SP23088"
"SP23","Spring",2023,88,"5","4","681",2023-05-30,"Haddock",1,0.12,NA,NA,NA,NA,1,0.12,"SP23088"
"SP23","Spring",2023,88,"5","4","681",2023-05-30,"Hake Atlantic Red",21,0.64,NA,NA,NA,NA,21,0.64,"SP23088"
"SP23","Spring",2023,88,"5","4","681",2023-05-30,"Hake Silver (Whiting)",4799,388.31,8.82,NA,NA,NA,4799,388.31,"SP23088"
"SP23","Spring",2023,88,"5","4","681",2023-05-30,"Hake White",7,1.08,NA,NA,NA,NA,7,1.08,"SP23088"
"SP23","Spring",2023,88,"5","4","681",2023-05-30,"Herring Blueback",1,0.02,NA,NA,NA,NA,1,0.02,"SP23088"
"SP23","Spring",2023,88,"5","4","681",2023-05-30,"Lobster American",1,0.71,NA,NA,NA,0.71,1,0.71,"SP23088"
"SP23","Spring",2023,88,"5","4","681",2023-05-30,"Lumpfish",1,0.44,NA,NA,NA,NA,1,0.44,"SP23088"
"SP23","Spring",2023,88,"5","4","681",2023-05-30,"Octopus Spoonarm",2,0.04,NA,NA,NA,NA,2,0.04,"SP23088"
"SP23","Spring",2023,88,"5","4","681",2023-05-30,"Plaice American (Dab)",2,0.39,NA,NA,NA,NA,2,0.39,"SP23088"
"SP23","Spring",2023,88,"5","4","681",2023-05-30,"Scallop Sea",9,0.74,NA,NA,NA,NA,9,0.74,"SP23088"
"SP23","Spring",2023,88,"5","4","681",2023-05-30,"Shad American",1,0.06,NA,NA,NA,NA,1,0.06,"SP23088"
"SP23","Spring",2023,88,"5","4","681",2023-05-30,"Shrimp Dichelo",97,0.37,NA,NA,NA,NA,97,0.37,"SP23088"
"SP23","Spring",2023,88,"5","4","681",2023-05-30,"Shrimp Montagui",1,0.002,NA,NA,NA,NA,1,0.002,"SP23088"
"SP23","Spring",2023,94,"5","3","370",2023-06-01,"Alewife",22,0.45,NA,NA,NA,NA,22,0.45,"SP23094"
"SP23","Spring",2023,94,"5","3","370",2023-06-01,"Crab Jonah",5,1.18,NA,NA,NA,NA,5,1.18,"SP23094"
"SP23","Spring",2023,94,"5","3","370",2023-06-01,"Crab Toad",3,0.01,NA,NA,NA,NA,3,0.01,"SP23094"
"SP23","Spring",2023,94,"5","3","370",2023-06-01,"Flounder Atlantic Windowpane (Sand Dab )",1,0.03,NA,NA,NA,NA,1,0.03,"SP23094"
"SP23","Spring",2023,94,"5","3","370",2023-06-01,"Flounder Atlantic Witch (Gray Sole)",1,0.01,NA,NA,NA,NA,1,0.01,"SP23094"
"SP23","Spring",2023,94,"5","3","370",2023-06-01,"Flounder Winter",331,37.96,14.22,NA,NA,NA,331,37.96,"SP23094"
"SP23","Spring",2023,94,"5","3","370",2023-06-01,"Hake Atlantic Red",66,2.88,NA,NA,NA,NA,66,2.88,"SP23094"
"SP23","Spring",2023,94,"5","3","370",2023-06-01,"Hake Silver (Whiting)",171,6.91,4.64,NA,NA,NA,171,6.91,"SP23094"
"SP23","Spring",2023,94,"5","3","370",2023-06-01,"Hake White",4,0.55,NA,NA,NA,NA,4,0.55,"SP23094"
"SP23","Spring",2023,94,"5","3","370",2023-06-01,"Halibut Atlantic",2,1.06,NA,NA,NA,NA,2,1.06,"SP23094"
"SP23","Spring",2023,94,"5","3","370",2023-06-01,"Herring Blueback",1,0.02,NA,NA,NA,NA,1,0.02,"SP23094"
"SP23","Spring",2023,94,"5","3","370",2023-06-01,"Jelly Comb",NA,0.07,NA,NA,NA,NA,NA,0.07,"SP23094"
"SP23","Spring",2023,94,"5","3","370",2023-06-01,"Lobster American",30,14.24,NA,NA,8.8,5.44,30,14.24,"SP23094"
"SP23","Spring",2023,94,"5","3","370",2023-06-01,"Monkfish",1,0.09,NA,NA,NA,NA,1,0.09,"SP23094"
"SP23","Spring",2023,94,"5","3","370",2023-06-01,"Plaice American (Dab)",1,0.06,NA,NA,NA,NA,1,0.06,"SP23094"
"SP23","Spring",2023,94,"5","3","370",2023-06-01,"Redfish Acadian Ocean Perch",3,0.21,NA,NA,NA,NA,3,0.21,"SP23094"
"SP23","Spring",2023,94,"5","3","370",2023-06-01,"Scallop Sea",2,0.08,NA,NA,NA,NA,2,0.08,"SP23094"
"SP23","Spring",2023,94,"5","3","370",2023-06-01,"Sculpin Longhorn",20,3.22,NA,NA,NA,NA,20,3.22,"SP23094"
"SP23","Spring",2023,94,"5","3","370",2023-06-01,"Seaweed Unc",NA,0.04,NA,NA,NA,NA,NA,0.04,"SP23094"
"SP23","Spring",2023,94,"5","3","370",2023-06-01,"Shad American",2,0.08,NA,NA,NA,NA,2,0.08,"SP23094"
"SP23","Spring",2023,94,"5","3","370",2023-06-01,"Shrimp Dichelo",214,0.61,NA,NA,NA,NA,214,0.61,"SP23094"
"SP23","Spring",2023,94,"5","3","370",2023-06-01,"Shrimp Montagui",7,0.02,NA,NA,NA,NA,7,0.02,"SP23094"
"SP23","Spring",2023,94,"5","3","370",2023-06-01,"Squid Long Finned",2,0.03,NA,NA,NA,NA,2,0.03,"SP23094"
"SP23","Spring",2023,96,"5","3","244",2023-06-01,"Alewife",6,0.29,NA,NA,NA,NA,6,0.29,"SP23096"
"SP23","Spring",2023,96,"5","3","244",2023-06-01,"Alligatorfish",1,0.006,NA,NA,NA,NA,1,0.006,"SP23096"
"SP23","Spring",2023,96,"5","3","244",2023-06-01,"Butterfish",1,0.07,NA,NA,NA,NA,1,0.07,"SP23096"
"SP23","Spring",2023,96,"5","3","244",2023-06-01,"Crab Jonah",18,1.88,NA,NA,NA,NA,18,1.88,"SP23096"
"SP23","Spring",2023,96,"5","3","244",2023-06-01,"Flounder Winter",82,8.55,NA,NA,NA,NA,82,8.55,"SP23096"
"SP23","Spring",2023,96,"5","3","244",2023-06-01,"Hake Atlantic Red",17,0.49,NA,NA,NA,NA,17,0.49,"SP23096"
"SP23","Spring",2023,96,"5","3","244",2023-06-01,"Hake Silver (Whiting)",17,0.61,NA,NA,NA,NA,17,0.61,"SP23096"
"SP23","Spring",2023,96,"5","3","244",2023-06-01,"Hake White",2,0.23,NA,NA,NA,NA,2,0.23,"SP23096"
"SP23","Spring",2023,96,"5","3","244",2023-06-01,"Jelly Comb",NA,0.08,NA,NA,NA,NA,NA,0.08,"SP23096"
"SP23","Spring",2023,96,"5","3","244",2023-06-01,"Lobster American",323,73.84,NA,NA,37.96,35.88,323,73.84,"SP23096"
"SP23","Spring",2023,96,"5","3","244",2023-06-01,"Lumpfish",2,0.77,NA,NA,NA,NA,2,0.77,"SP23096"
"SP23","Spring",2023,96,"5","3","244",2023-06-01,"Monkfish",2,0.24,NA,NA,NA,NA,2,0.24,"SP23096"
"SP23","Spring",2023,96,"5","3","244",2023-06-01,"Northern Cyclocardia",1,0.004,NA,NA,NA,NA,1,0.004,"SP23096"
"SP23","Spring",2023,96,"5","3","244",2023-06-01,"Sculpin Longhorn",17,2.08,NA,NA,NA,NA,17,2.08,"SP23096"
"SP23","Spring",2023,96,"5","3","244",2023-06-01,"Sea Raven",1,0.08,NA,NA,NA,NA,1,0.08,"SP23096"
"SP23","Spring",2023,96,"5","3","244",2023-06-01,"Shad American",1,0.03,NA,NA,NA,NA,1,0.03,"SP23096"
"SP23","Spring",2023,96,"5","3","244",2023-06-01,"Shrimp Crangon",1,0.002,NA,NA,NA,NA,1,0.002,"SP23096"
"SP23","Spring",2023,96,"5","3","244",2023-06-01,"Shrimp Dichelo",68,0.18,NA,NA,NA,NA,68,0.18,"SP23096"
"SP23","Spring",2023,96,"5","3","244",2023-06-01,"Shrimp Montagui",1,0.004,NA,NA,NA,NA,1,0.004,"SP23096"
"SP23","Spring",2023,96,"5","3","244",2023-06-01,"Squid Long Finned",3,0.18,NA,NA,NA,NA,3,0.18,"SP23096"
